"Wuaini dia nih menu favorit mimin di @99terangboelan, apalagi kalau bukan Terang Bulan Redvelvet pakai topping Cream Cheese plus Oreo ??. Rasa gurihnya ada, manisnya ada, asem kecut dikitnya juga ada. Enaaa poolll pokoknya ?? Oiya jangan lupa lagi ada promo Buy 1 Get 1 Free. Jadi setiap pembelian Tipker Cream Cheese bakal dapet Tipker Meises secara gratis! ??@99terangboelan ??Pusat (Bangjo Novotel  Slamet Riyadi ke timur, kiri jalan) ??Pak Gendut Soba ??Pak Gendut Limolasan #solofoodgram",Makanan
"Sarapanku tadi pagiii ... Alhamdulillah ya, ga sempat bikin apapun masih ada apel. ??. Minumnya wedang ultimate buat pereda nyeri bulanan. ??Miya Cahaya #sarapanbuah #dietkenyang #cleaneating #dietsehat #dietenak #realfood",Makanan
Stokk kue balok dulu buat cemilan sore. Menggoda banget apalagi kalo setengah mateng gini ???? Kemecer polll!,Makanan
"SOP BUAH CIREBON SWEGERRRR ???????? Isian sop buah disini kompliitt benerrr, ada buah naga, alpukat, melon, jambu biji, apel, anggur, & jelly dikasih sirup, susu plus es batu ouucchhh kemecerrr ???????? ??Sop Buah Segar Cirebon Idham Kholid, Jl. Slamet Riyadi Kartasura ",Makanan
"Nah ini tuh makanan khas Padang, ada Lamang Tapai dan lopis. Sebelumnya blm pernah nyobain lamang tapai, ternyata enak juga yaa ?? Bahannya beras ketan, ada rasa gurih gurih gitu terus atasnya pake ketan hitam, disiram kuah ketan. #lamangtapaiajominang #lamangtapai #dkb_indonesianfood",Makanan
Makan siang pakee babat gongso sama nasi anget emang paling juaraaakk!!??????,Makanan
"GETUK SELE BIKIN NAGIH ??????.Ada rasa nanas, coklat, melon, mentega, bluebery & strawbery.#getuksale #getuksele",Makanan
"Bakso mozzarella + Bakso Cincang Pedas + Bakso Urat mmhhh.. kebayang ga tuh gimana nikmatnya ?? ditambah lagi setelah makan bakso disegerin dengan Es cincau milk tea & Es Buah.. mantepp banget pastinyaa, ditambah lagi musim hujan ginii makan bareng orang tersayang kaliann ????",Makanan
"Crepesnya guedeee, toping coklat dan pisangnya banyakkk ???? Kalau beli crepes ini harus sabarr antriii yaaa ?? ??MR. Crepes, Mangkal samping SMA Batik 1, SD Kleco (jam sekolah) ; Lapangan Karangasem (sore) ??Crepes Coklat Pisang 3.5K #mrcrepes #crepesmurah",Makanan
SORE SORE CARI CEMILAN PANGSIT DULU MANTUL NIH ?? #kulinernengsolo,Makanan
"Pebulutangkis Indonesia juga mencapai final South Australia IC dan Myanmar IS. Dari kedua turnamen itu, Sri Fatmawati serta Emanuel Rendhy Febryto/Ferdian Mahardika Ranialdy berhasil meraih gelar di Myanmar IS.",Olahraga
"""Target, juara di nomor ganda #CombipharTennisOpen2019,"" ucap #DavidAgungSusanto  Saksikan @Davidboneng menggapai targetnya di lap tenis @TheSultanHotel Jakarta",Olahraga
" 77! Kemenangan Marc Marquez di Misano lalu membawanya berada di posisi keempat untuk jumlah pemenang Grand Prix terbanyak sepanjang masa, mengungguli legenda Mike Hailwood.",Olahraga
"Untuk Indonesia, mari bermain dengan perasaan bangga! ___",Olahraga
Habibie akhirnya merapat ke Liga 1. Selamat datang anak muda hati-hati batu ????,Olahraga
Delegasi FIFA mulai melaksanakan inspeksi stadion di Indonesia secara acak pada hari Senin (16/9) pagi. Inspeksi stadion ini dilakukan guna melihat kesiapan Indonesia yang mengajukan diri sebagai tuan rumah Piala Dunia U20 pada tahun 2021 mendatang,Olahraga
"kalii ini melalui akun twitternya, Luis Milla mendukung coach Bima Sakti untuk membawa Garuda Muda lolos ke Piala Asia U-16 2020. PSSI udah dikodein terus itu sama Luis Milla. Masih aja mikirin kantong. ??",Olahraga
kalo kiper terbaik dunia versi ente siapa nih ? ??,Olahraga
klasemen Sementara Grup G AFC U-16 Championship 2020 Qualifiers ? Timnas Indonesia U-16 sementara berada di posisi kedua klasemen. ? Hanya Juara Grup yang bisa lolos ke Piala Asia U-16 2020. Sementara runner-up grup mesti meraih angka sebanyak mungkin untuk bisa masuk putaran final. ? Tetap jaga semangat Garuda Asia!! .  . Sumber @ayogoal_id .  . #Semangatmenolakmenyerah #liga12019 #faktaliga1 #kita #timnas #timnasu16 #indonesia #timnasgaruda #garudaasia #ultrasgaruda #pialaasiau16 #afcu16 #klasemen,Olahraga
" RESULT R1 ? VICTOR CHINA OPEN 2019 .  Kalahkan wakil Hongkong, Tommy berhasil melaju ke babak kedua. Tapi sayang sekali, Jorji harus terhenti. Tetap semangat! . Foto :PBSI #KeluargaCiumbrella",Olahraga
"Berplesir ke Bengkulu, Sobat Pesona wajib ke Kepahiang nih! Selain hamparan perkebunan teh yang memanjakan mata, ada pula Air Terjun Sengkuang yang tersembunyi rapi dan sangat alami. Mau coba mampir ke Air Terjun Sengkuang?",Perjalanan
"Kota Makassar sangat identik dengan Pantai Losari. Itu sebabnya Pantai Losari ramai dikunjungi wisatawan. Kalau kalian tak terlalu suka suasana ramai atau ingin menyepi sebentar di Makassar, boleh cobain alternatif baru wisata baharinya yakni Pantai Akkarena. Lokasinya di daerah Tanjung Bunga yang tak jauh dari Kota Makassar. Bagaimana Sobat, ingin segera terbang ke Makassar?",Perjalanan
"Surga pariwisata ini juga tidak tidur di malam hari. Ada banyak opsi wisata malam yang bisa kita pilih untuk menikmati liburan di Yogyakarta. Lalu, objek wisata mana saja yang bisa dinikmati pada malam hari? Salah satunya adalah Tugu Jogja. #PesonaWisataYogyakarta",Perjalanan
"Nama Lawang Sewu pasti sudah tidak asing lagi di telinga kita. Mendengarnya saja sudah membuat kita langsung terbayang betapa megahnya bangunan ini, sekaligus berbagai hal mistis di baliknya.  Yuk, berwisata sejarah ke Kota Lumpia!",Perjalanan
"Nias di Sumatera Utara tidak hanya punya pesona budaya yang memikat hati. Tapi juga menyimpan pesona keindahan alam yang menakjubkan. Salah satu destinasi terindah ada di Nias Barat, yakni Pulau Asu. Yuk, rencanakan perjalananmu ke Nias Barat!",Perjalanan
"""Berkunjung ke Tanah Ahli Perahu "" Bulukumba yang berada sekitar 153 km dari Makassar, sangat kaya dengan potensi wisata alam, bahari, sejarah dan budaya, agro maupun religi. Semua tersaji lengkap di kabupaten yang terkenal dengan perahu pinisi ini, hingga dijuluki Butta Panrita Lopi, artinya Tanah Ahli Perahu.",Perjalanan
"Sobat Pesona punya rencana liburan ke Mojokerto? Jangan khawatir akan keindahannya! Meskipun kotanya tak sebesar Surabaya atau Malang, namun banyak tersimpan destinasi wisata yang menawan juga menggoda. Ada Patung Budha Tidur yang bakal bikin liburanmu serasa di Thailand, lho! Penasaran? Yuk, berkunjung ke salah satu kota terkecil di Indonesia!",Perjalanan
"Ada yang tau Gunung Shirouma? terletak di prefektur Nagano dan Toyama, gunung ini menawarkan keindahan yang sungguh memukau. Dengan ketinggian 2.932 meter di atas permukaan laut, Gunung Shirouma memiliki salju yang turun hampir di sepanjang tahun dan padang bunga yang indah di musim panas.",Perjalanan
"Terima kasih Pak Kapolri sudah berkunjung ke Pekanbaru, semoga asap dan penyebab asapnya bisa segera diatasi ????. Kepolisian Republik Indonesia Registration : P-8001 Type : Beechjet 400xp?? : Bandara Sultan Syarif Kasim II Pekanbaru ?? 15/09/2019 #p8001ib #15092019
",Perjalanan
"Bila Sobat Pesona sedang bepergian ke Bengkulu dan melintasi Lubuk Linggau, cobalah melipir sedikit ke Air Terjun Suban! Air Terjun Suban terletak di dalam kawasan Objek Wisata Suban Air Panas. Jadi, kamu bisa mendapatkan banyak spot wisata dalam satu kawasan. Udara segarnya itu, lho! #PesonaWisataBengkulu #PesonaIndonesia #WonderfulIndonesia #Bengkulu #AirTerjunSuban",Perjalanan
